-- update conversions
insert into alerts.conversions (KeyField,Colname,Value,Conversion) values ('OwnerUID-1','OwnerUID',-1,'unspecified user') updating(Conversion);
--delete from alerts.conversions where Colname in ('Class') and Value not in ( 0, 100, 200, 300, 900, 925, 950, 1150, 1175, 1600, 1700, 1800, 2900, 4300, 4400, 9000, 9010, 10500, 30500, 30505, 89210, 99999 );
--delete from alerts.conversions where Colname in ('Class') and Value in ( 1500,1501,1502 );
insert into alerts.conversions (KeyField,Colname,Value,Conversion) values ('Class1500','Class',1500,'Monopoly') updating (Conversion);
insert into alerts.conversions (KeyField,Colname,Value,Conversion) values ('Class1501','Class',1501,'Monopoly Fine/Rent Ledger') updating (Conversion);
insert into alerts.conversions (KeyField,Colname,Value,Conversion) values ('Class1502','Class',1502,'Monopoly Auction Ledger') updating (Conversion);
go

-- inventory
delete from monopoly.inventory;
go

insert into monopoly.inventory (item, type, qty, json) values ('1',     'cash',  40,   '{ "denomination": 1,   "baseQuantity": 40, "newUserQuantity": 5, "htmlColour": "LightGoldenRodYellow" }' );
insert into monopoly.inventory (item, type, qty, json) values ('5',     'cash',  40,   '{ "denomination": 5,   "baseQuantity": 40, "newUserQuantity": 1, "htmlColour": "LightCyan" }' );
insert into monopoly.inventory (item, type, qty, json) values ('10',    'cash',  40,   '{ "denomination": 10,  "baseQuantity": 40, "newUserQuantity": 2, "htmlColour": "Aqua" }' );
insert into monopoly.inventory (item, type, qty, json) values ('20',    'cash',  50,   '{ "denomination": 20,  "baseQuantity": 50, "newUserQuantity": 1, "htmlColour": "Aquamarine" }' );
insert into monopoly.inventory (item, type, qty, json) values ('50',    'cash',  30,   '{ "denomination": 50,  "baseQuantity": 30, "newUserQuantity": 1, "htmlColour": "Snow" }' );
insert into monopoly.inventory (item, type, qty, json) values ('100',   'cash',  20,   '{ "denomination": 100, "baseQuantity": 20, "newUserQuantity": 4, "htmlColour": "Gold" }' );
insert into monopoly.inventory (item, type, qty, json) values ('500',   'cash',  20,   '{ "denomination": 500, "baseQuantity": 20, "newUserQuantity": 2, "htmlColour": "LightPink" }' );

insert into monopoly.inventory (item, type, qty, json) values ('house', 'stock', 32,   '{ "item": "house", "quantity": 32, "icon": "bi bi-house-fill", "stateList": [1,2,3,4], "seq": 0 }') updating (json);
insert into monopoly.inventory (item, type, qty, json) values ('hotel', 'stock', 12,   '{ "item": "hotel", "quantity": 12, "icon": "bi bi-building-fill", "stateList": [5], "seq": 1 }') updating (json);

insert into monopoly.inventory (item, type, json) values ('car',         'avatar',  '{ "avatar": "car",         "title": "The Car",         "src": "images/token-car.png"         }' );
insert into monopoly.inventory (item, type, json) values ('dog',         'avatar',  '{ "avatar": "dog",         "title": "The Dog",         "src": "images/token-dog.png"         }' );
insert into monopoly.inventory (item, type, json) values ('hat',         'avatar',  '{ "avatar": "hat",         "title": "The Top Hat",     "src": "images/token-hat.png"         }' );
insert into monopoly.inventory (item, type, json) values ('ship',        'avatar',  '{ "avatar": "ship",        "title": "The Ship",        "src": "images/token-ship.png"        }' );
insert into monopoly.inventory (item, type, json) values ('iron',        'avatar',  '{ "avatar": "iron",        "title": "The Iron",        "src": "images/token-iron.png"        }' );
insert into monopoly.inventory (item, type, json) values ('boot',        'avatar',  '{ "avatar": "boot",        "title": "The Old Boot",    "src": "images/token-boot.png"        }' );
insert into monopoly.inventory (item, type, json) values ('thimble',     'avatar',  '{ "avatar": "thimble",     "title": "The Thimble",     "src": "images/token-thimble.png"     }' );
insert into monopoly.inventory (item, type, json) values ('cat',         'avatar',  '{ "avatar": "cat",         "title": "The Cat",         "src": "images/token-cat.png"         }' );
insert into monopoly.inventory (item, type, json) values ('wheelbarrow', 'avatar',  '{ "avatar": "wheelbarrow", "title": "The Wheelbarrow", "src": "images/token-wheelbarrow.png" }' );

-- 16 chance and 16 community chest cards
-- chance cards are CH01 - CH16
-- community chest cards are CC01 - CC16
-- get out of jail free cards are CC16 and CH16
insert into monopoly.inventory (item, type, json, text) values ('CC01',  'card',    '{ "cardId": "CC01", "title": "Advance to &quot;Go&quot;",                       "text": "",                                                                         "actionText": "Advance"          }', 'Advance to "G0" (Community Chest)'                                             );
insert into monopoly.inventory (item, type, json, text) values ('CC02',  'card',    '{ "cardId": "CC02", "title": "Go back to Old Kent Road",                        "text": "",                                                                         "actionText": "Retreat"          }', 'Go back to Old Kent Road (Community Chest)'                                    );
insert into monopoly.inventory (item, type, json, text) values ('CC03',  'card',    '{ "cardId": "CC03", "title": "Go to jail.",                                     "text": "Move directly to jail. Do not pass &quot;Go&quot;. Do not collect £200",   "actionText": "Go To Jail"       }', 'Go to jail. (Community Chest)'                                                 );
insert into monopoly.inventory (item, type, json, text) values ('CC04',  'card',    '{ "cardId": "CC04", "title": "Pay hospital £100",                               "text": "",                                                                         "actionText": "Pay Fees"         }', 'Pay hospital £100 (Community Chest)'                                           );
insert into monopoly.inventory (item, type, json, text) values ('CC05',  'card',    '{ "cardId": "CC05", "title": "Doctors fee.",                                    "text": "Pay £50",                                                                  "actionText": "Pay Fees"         }', 'Doctors fee. Pay £50 (Community Chest)'                                        );
insert into monopoly.inventory (item, type, json, text) values ('CC06',  'card',    '{ "cardId": "CC06", "title": "Pay your insurance premium £50",                  "text": "",                                                                         "actionText": "Pay Fees"         }', 'Pay your insurance premium £50 (Community Chest)'                              );
insert into monopoly.inventory (item, type, json, text) values ('CC07',  'card',    '{ "cardId": "CC07", "title": "Bank error in your favour.",                      "text": "Collect £200",                                                             "actionText": "Collect"          }', 'Bank error in your favour. Collect £200 (Community Chest)'                     );
insert into monopoly.inventory (item, type, json, text) values ('CC08',  'card',    '{ "cardId": "CC08", "title": "Annuity matures.",                                "text": "Collect £100",                                                             "actionText": "Collect"          }', 'Annuity matures. Collect £100 (Community Chest)'                               );
insert into monopoly.inventory (item, type, json, text) values ('CC09',  'card',    '{ "cardId": "CC09", "title": "You inherit £100",                                "text": "",                                                                         "actionText": "Collect"          }', 'You inherit £100 (Community Chest)'                                            );
insert into monopoly.inventory (item, type, json, text) values ('CC10',  'card',    '{ "cardId": "CC10", "title": "From sale of stock you get £50",                  "text": "",                                                                         "actionText": "Collect"          }', 'From sale of stock you get £50 (Community Chest)'                              );
insert into monopoly.inventory (item, type, json, text) values ('CC11',  'card',    '{ "cardId": "CC11", "title": "Receive interest on 7% preference shares:",       "text": "£25",                                                                      "actionText": "Collect"          }', 'Receive interest on 7% preference shares: £25 (Community Chest)'                );
insert into monopoly.inventory (item, type, json, text) values ('CC12',  'card',    '{ "cardId": "CC12", "title": "Income tax refund.",                              "text": "Collect £20",                                                              "actionText": "Collect"          }', 'Income tax refund. Collect £20 (Community Chest)'                              );
insert into monopoly.inventory (item, type, json, text) values ('CC13',  'card',    '{ "cardId": "CC13", "title": "You have won second prize in a beauty contest.",  "text": "Collect £10",                                                              "actionText": "Collect"          }', 'You have won second prize in a beauty contest. Collect £10 (Community Chest)'  );
insert into monopoly.inventory (item, type, json, text) values ('CC14',  'card',    '{ "cardId": "CC14", "title": "It is your birthday.",                            "text": "Collect £10 from each player",                                             "actionText": "Collect"          }', 'It is your birthday. Collect £10 from each player (Community Chest)'           );
insert into monopoly.inventory (item, type, json, text) values ('CC15',  'card',    '{ "cardId": "CC15", "title": "Pay a £10 fine",                                  "text": "or take a &quot;Chance&quot;",                                             "actionText": ""                 }', 'Pay a £10 fine or take a Chance (Community Chest)'                             );
insert into monopoly.inventory (item, type, json, text) values ('CC16',  'card',    '{ "cardId": "CC16", "title": "Get out of jail free.",                           "text": "This card may be kept until needed or sold",                               "actionText": "Keep Card"        }', 'Get out of jail free. (Community Chest)'                                       );
insert into monopoly.inventory (item, type, json, text) values ('CH01',  'card',    '{ "cardId": "CH01", "title": "Advance to &quot;Go&quot;",                       "text": "",                                                                         "actionText": "Advance"          }', 'Advance to "Go" (Chance)'                                                      );
insert into monopoly.inventory (item, type, json, text) values ('CH02',  'card',    '{ "cardId": "CH02", "title": "Go to jail.",                                     "text": "Move directly to jail. Do not pass &quot;Go&quot;. Do not collect £200",   "actionText": "Go To Jail"       }', 'Go to jail. (Chance)'                                                          );
insert into monopoly.inventory (item, type, json, text) values ('CH03',  'card',    '{ "cardId": "CH03", "title": "Advance to Pall Mall.",                           "text": "If you pass &quot;Go&quot; collection £200",                               "actionText": "Advance"          }', 'Advance to Pall Mall. (Chance)'                                                );
insert into monopoly.inventory (item, type, json, text) values ('CH04',  'card',    '{ "cardId": "CH04", "title": "Take a trip to Marylebone Station",               "text": "and if you pass &quot;Go&quot; collect £200",                              "actionText": "Advance"          }', 'Take a trip to Marylebone Station (Chance)'                                    );
insert into monopoly.inventory (item, type, json, text) values ('CH05',  'card',    '{ "cardId": "CH05", "title": "Advance to Trafalgar Square.",                    "text": "If you pass &quot;Go&quot; collect £200",                                  "actionText": "Advance"          }', 'Advance to Trafalgar Square. (Chance)'                                         );
insert into monopoly.inventory (item, type, json, text) values ('CH06',  'card',    '{ "cardId": "CH06", "title": "Advance to Mayfair",                              "text": "",                                                                         "actionText": "Advance"          }', 'Advance to Mayfair (Chance)'                                                   );
insert into monopoly.inventory (item, type, json, text) values ('CH07',  'card',    '{ "cardId": "CH07", "title": "Go back three spaces",                            "text": "",                                                                         "actionText": "Retreat"          }', 'Go back three spaces (Chance)'                                                 );
insert into monopoly.inventory (item, type, json, text) values ('CH08',  'card',    '{ "cardId": "CH08", "title": "Make general repairs on all of your houses.",     "text": "For each house pay £25. For each hotel pay £100",                          "actionText": "Pay Fees"         }', 'Make general repairs on all of your houses. (Chance)'                          );
insert into monopoly.inventory (item, type, json, text) values ('CH09',  'card',    '{ "cardId": "CH09", "title": "You are assessed for street repairs:",            "text": "£40 per house, £115 per hotel",                                            "actionText": "Pay Fees"         }', 'You are assessed for street repairs: (Chance)'                                 );
insert into monopoly.inventory (item, type, json, text) values ('CH10',  'card',    '{ "cardId": "CH10", "title": "Pay school fees of £150",                         "text": "",                                                                         "actionText": "Pay Fees"         }', 'Pay school fees of £150 (Chance)'                                              );
insert into monopoly.inventory (item, type, json, text) values ('CH11',  'card',    '{ "cardId": "CH11", "title": "Drunk in charge",                                 "text": "fine £20",                                                                 "actionText": "Pay Fine"         }', 'Drunk in charge fine £20 (Chance)'                                             );
insert into monopoly.inventory (item, type, json, text) values ('CH12',  'card',    '{ "cardId": "CH12", "title": "Speeding",                                        "text": "fine £15",                                                                 "actionText": "Pay Fine"         }', 'Speeding fine £15 (Chance)'                                                    );
insert into monopoly.inventory (item, type, json, text) values ('CH13',  'card',    '{ "cardId": "CH13", "title": "Your building loan matures.",                     "text": "Receive £150",                                                             "actionText": "Collect Payment"  }', 'Your building loan matures. Receive £150 (Chance)'                             );
insert into monopoly.inventory (item, type, json, text) values ('CH14',  'card',    '{ "cardId": "CH14", "title": "You have won a crossword competition.",           "text": "Collect £100",                                                             "actionText": "Collect Prize"    }', 'You have won a crossword competition. Collect £100 (Chance)'                   );
insert into monopoly.inventory (item, type, json, text) values ('CH15',  'card',    '{ "cardId": "CH15", "title": "Bank pays you dividend of £50",                   "text": "",                                                                         "actionText": "Collect Prize"    }', 'Bank pays you dividend of £50 (Chance)'                                        );
insert into monopoly.inventory (item, type, json, text) values ('CH16',  'card',    '{ "cardId": "CH16", "title": "Get out of jail free.",                           "text": "This card may be kept until needed or sold",                               "actionText": "Keep Card"        }', 'Get out of jail free. (Chance)'                                                );

-- serial to assist in preventing alerts.status row de-duplication and also to suppress excessive updates from the ui
insert into monopoly.inventory (item, type, qty) values ('eventSerial','serial',1);
go



-- inventory_deeds
delete from monopoly.inventory_deeds;
go

insert into monopoly.inventory_deeds (title, subtitle, sets, colourSet, setOrder, setSize, boardPlace, htmlColour, icon, purchase, mortgage, unmortgage, mortgagedTxFee                                                                                 ) values ( 'Electricty Company'      , '',                 'utilities', false,  1, 2,  12, 'white',       'bi bi-lightbulb-fill',    150,  75,  82,  7                                           );
insert into monopoly.inventory_deeds (title, subtitle, sets, colourSet, setOrder, setSize, boardPlace, htmlColour, icon, purchase, mortgage, unmortgage, mortgagedTxFee                                                                                 ) values ( 'Water Works'             , '',                 'utilities', false,  1, 2,  28, 'white',       'bi bi-droplet-fill',      150,  75,  82,  7                                           );
insert into monopoly.inventory_deeds (title, subtitle, sets, colourSet, setOrder, setSize, boardPlace, htmlColour, icon, purchase, mortgage, unmortgage, mortgagedTxFee, rent_0, rent_1, rent_2, rent_3                                                 ) values ( 'Kings Cross Station'     , 'BRITISH RAILWAYS', 'stations',  false,  2, 4,   5, 'white',       'bi bi-train-front-fill',  200, 100, 110, 10, 25,  50, 100,  200                       );
insert into monopoly.inventory_deeds (title, subtitle, sets, colourSet, setOrder, setSize, boardPlace, htmlColour, icon, purchase, mortgage, unmortgage, mortgagedTxFee, rent_0, rent_1, rent_2, rent_3                                                 ) values ( 'Marylebone Station'      , 'BRITISH RAILWAYS', 'stations',  false,  2, 4,  15, 'white',       'bi bi-train-front-fill',  200, 100, 110, 10, 25,  50, 100,  200                       );
insert into monopoly.inventory_deeds (title, subtitle, sets, colourSet, setOrder, setSize, boardPlace, htmlColour, icon, purchase, mortgage, unmortgage, mortgagedTxFee, rent_0, rent_1, rent_2, rent_3                                                 ) values ( 'Fenchurch Street Station', 'BRITISH RAILWAYS', 'stations',  false,  2, 4,  25, 'white',       'bi bi-train-front-fill',  200, 100, 110, 10, 25,  50, 100,  200                       );
insert into monopoly.inventory_deeds (title, subtitle, sets, colourSet, setOrder, setSize, boardPlace, htmlColour, icon, purchase, mortgage, unmortgage, mortgagedTxFee, rent_0, rent_1, rent_2, rent_3                                                 ) values ( 'Liverpool Street Station', 'BRITISH RAILWAYS', 'stations',  false,  2, 4,  35, 'white',       'bi bi-train-front-fill',  200, 100, 110, 10, 25,  50, 100,  200                       );
insert into monopoly.inventory_deeds (title, subtitle, sets, colourSet, setOrder, setSize, boardPlace, htmlColour, icon, purchase, mortgage, unmortgage, mortgagedTxFee, rent_0, rent_1, rent_2, rent_3, rent_4, rent_5, cost_building, refund_building ) values ( 'Old Kent Road'           , 'TITLE DEED',       'brown',      true,  3, 2,   1, 'Brown',       '',                         60,  30,  33,  3,  2,  10,  30,   90,  160,  250,  50,  25 );
insert into monopoly.inventory_deeds (title, subtitle, sets, colourSet, setOrder, setSize, boardPlace, htmlColour, icon, purchase, mortgage, unmortgage, mortgagedTxFee, rent_0, rent_1, rent_2, rent_3, rent_4, rent_5, cost_building, refund_building ) values ( 'Whitechapel Road'        , 'TITLE DEED',       'brown',      true,  3, 2,   3, 'Brown',       '',                         60,  30,  33,  3,  4,  20,  60,  180,  320,  450,  50,  25 );
insert into monopoly.inventory_deeds (title, subtitle, sets, colourSet, setOrder, setSize, boardPlace, htmlColour, icon, purchase, mortgage, unmortgage, mortgagedTxFee, rent_0, rent_1, rent_2, rent_3, rent_4, rent_5, cost_building, refund_building ) values ( 'The Angel, Islington'    , 'TITLE DEED',       'blue',       true,  4, 3,   6, 'DeepSkyBlue', '',                        100,  50,  54,  5,  6,  30,  90,  270,  400,  550,  50,  25 );
insert into monopoly.inventory_deeds (title, subtitle, sets, colourSet, setOrder, setSize, boardPlace, htmlColour, icon, purchase, mortgage, unmortgage, mortgagedTxFee, rent_0, rent_1, rent_2, rent_3, rent_4, rent_5, cost_building, refund_building ) values ( 'Euston Road'             , 'TITLE DEED',       'blue',       true,  4, 3,   8, 'DeepSkyBlue', '',                        100,  50,  55,  5,  6,  30,  90,  270,  400,  550,  50,  25 );
insert into monopoly.inventory_deeds (title, subtitle, sets, colourSet, setOrder, setSize, boardPlace, htmlColour, icon, purchase, mortgage, unmortgage, mortgagedTxFee, rent_0, rent_1, rent_2, rent_3, rent_4, rent_5, cost_building, refund_building ) values ( 'Pentonville Road'        , 'TITLE DEED',       'blue',       true,  4, 3,   9, 'DeepSkyBlue', '',                        120,  60,  66,  6,  8,  40, 100,  300,  450,  600,  50,  25 );
insert into monopoly.inventory_deeds (title, subtitle, sets, colourSet, setOrder, setSize, boardPlace, htmlColour, icon, purchase, mortgage, unmortgage, mortgagedTxFee, rent_0, rent_1, rent_2, rent_3, rent_4, rent_5, cost_building, refund_building ) values ( 'Pall Mall'               , 'TITLE DEED',       'pink',       true,  5, 3,  11, 'Crimson',     '',                        140,  70,  77,  7, 10,  50, 150,  450,  625,  750, 100,  50 );
insert into monopoly.inventory_deeds (title, subtitle, sets, colourSet, setOrder, setSize, boardPlace, htmlColour, icon, purchase, mortgage, unmortgage, mortgagedTxFee, rent_0, rent_1, rent_2, rent_3, rent_4, rent_5, cost_building, refund_building ) values ( 'Whitehall'               , 'TITLE DEED',       'pink',       true,  5, 3,  13, 'Crimson',     '',                        140,  70,  77,  7, 10,  50, 150,  450,  625,  750, 100,  50 );
insert into monopoly.inventory_deeds (title, subtitle, sets, colourSet, setOrder, setSize, boardPlace, htmlColour, icon, purchase, mortgage, unmortgage, mortgagedTxFee, rent_0, rent_1, rent_2, rent_3, rent_4, rent_5, cost_building, refund_building ) values ( 'Northumberland Avenue'   , 'TITLE DEED',       'pink',       true,  5, 3,  14, 'Crimson',     '',                        160,  80,  88,  8, 12,  60, 180,  500,  700,  900, 100,  50 );
insert into monopoly.inventory_deeds (title, subtitle, sets, colourSet, setOrder, setSize, boardPlace, htmlColour, icon, purchase, mortgage, unmortgage, mortgagedTxFee, rent_0, rent_1, rent_2, rent_3, rent_4, rent_5, cost_building, refund_building ) values ( 'Bow Street'              , 'TITLE DEED',       'orange',     true,  6, 3,  16, 'Orange',      '',                        180,  90,  99,  9, 14,  70, 200,  550,  750,  950, 100,  50 );
insert into monopoly.inventory_deeds (title, subtitle, sets, colourSet, setOrder, setSize, boardPlace, htmlColour, icon, purchase, mortgage, unmortgage, mortgagedTxFee, rent_0, rent_1, rent_2, rent_3, rent_4, rent_5, cost_building, refund_building ) values ( 'Marlborough Street'      , 'TITLE DEED',       'orange',     true,  6, 3,  18, 'Orange',      '',                        180,  90,  99,  9, 14,  70, 200,  550,  750,  950, 100,  50 );
insert into monopoly.inventory_deeds (title, subtitle, sets, colourSet, setOrder, setSize, boardPlace, htmlColour, icon, purchase, mortgage, unmortgage, mortgagedTxFee, rent_0, rent_1, rent_2, rent_3, rent_4, rent_5, cost_building, refund_building ) values ( 'Vine Street'             , 'TITLE DEED',       'orange',     true,  6, 3,  19, 'Orange',      '',                        200, 100, 110, 10, 16,  80, 220,  600,  800, 1000, 100,  50 );
insert into monopoly.inventory_deeds (title, subtitle, sets, colourSet, setOrder, setSize, boardPlace, htmlColour, icon, purchase, mortgage, unmortgage, mortgagedTxFee, rent_0, rent_1, rent_2, rent_3, rent_4, rent_5, cost_building, refund_building ) values ( 'The Strand'              , 'TITLE DEED',       'red',        true,  7, 3,  21, 'Red',         '',                        220, 110, 121, 11, 18,  90, 250,  700,  875, 1050, 150,  75 );
insert into monopoly.inventory_deeds (title, subtitle, sets, colourSet, setOrder, setSize, boardPlace, htmlColour, icon, purchase, mortgage, unmortgage, mortgagedTxFee, rent_0, rent_1, rent_2, rent_3, rent_4, rent_5, cost_building, refund_building ) values ( 'Fleet Street'            , 'TITLE DEED',       'red',        true,  7, 3,  23, 'Red',         '',                        220, 110, 121, 11, 18,  90, 250,  700,  875, 1050, 150,  75 );
insert into monopoly.inventory_deeds (title, subtitle, sets, colourSet, setOrder, setSize, boardPlace, htmlColour, icon, purchase, mortgage, unmortgage, mortgagedTxFee, rent_0, rent_1, rent_2, rent_3, rent_4, rent_5, cost_building, refund_building ) values ( 'Trafalgar Square'        , 'TITLE DEED',       'red',        true,  7, 3,  24, 'Red',         '',                        240, 120, 132, 12, 20, 100, 300,  750,  925, 1100, 150,  75 );
insert into monopoly.inventory_deeds (title, subtitle, sets, colourSet, setOrder, setSize, boardPlace, htmlColour, icon, purchase, mortgage, unmortgage, mortgagedTxFee, rent_0, rent_1, rent_2, rent_3, rent_4, rent_5, cost_building, refund_building ) values ( 'Leicester Square'        , 'TITLE DEED',       'yellow',     true,  8, 3,  26, 'Yellow',      '',                        260, 130, 143, 13, 22, 110, 330,  800,  975, 1150, 150,  75 );
insert into monopoly.inventory_deeds (title, subtitle, sets, colourSet, setOrder, setSize, boardPlace, htmlColour, icon, purchase, mortgage, unmortgage, mortgagedTxFee, rent_0, rent_1, rent_2, rent_3, rent_4, rent_5, cost_building, refund_building ) values ( 'Coventry Street'         , 'TITLE DEED',       'yellow',     true,  8, 3,  27, 'Yellow',      '',                        260, 130, 143, 13, 22, 110, 330,  800,  975, 1150, 150,  75 );
insert into monopoly.inventory_deeds (title, subtitle, sets, colourSet, setOrder, setSize, boardPlace, htmlColour, icon, purchase, mortgage, unmortgage, mortgagedTxFee, rent_0, rent_1, rent_2, rent_3, rent_4, rent_5, cost_building, refund_building ) values ( 'Piccadilly'              , 'TITLE DEED',       'yellow',     true,  8, 3,  29, 'Yellow',      '',                        280, 140, 154, 14, 22, 120, 360,  850, 1025, 1200, 150,  75 );
insert into monopoly.inventory_deeds (title, subtitle, sets, colourSet, setOrder, setSize, boardPlace, htmlColour, icon, purchase, mortgage, unmortgage, mortgagedTxFee, rent_0, rent_1, rent_2, rent_3, rent_4, rent_5, cost_building, refund_building ) values ( 'Regent Street'           , 'TITLE DEED',       'green',      true,  9, 3,  31, 'DarkGreen',   '',                        300, 150, 165, 15, 26, 130, 390,  900, 1100, 1275, 200, 100 );
insert into monopoly.inventory_deeds (title, subtitle, sets, colourSet, setOrder, setSize, boardPlace, htmlColour, icon, purchase, mortgage, unmortgage, mortgagedTxFee, rent_0, rent_1, rent_2, rent_3, rent_4, rent_5, cost_building, refund_building ) values ( 'Oxford Street'           , 'TITLE DEED',       'green',      true,  9, 3,  32, 'DarkGreen',   '',                        300, 150, 165, 15, 26, 130, 390,  900, 1100, 1275, 200, 100 );
insert into monopoly.inventory_deeds (title, subtitle, sets, colourSet, setOrder, setSize, boardPlace, htmlColour, icon, purchase, mortgage, unmortgage, mortgagedTxFee, rent_0, rent_1, rent_2, rent_3, rent_4, rent_5, cost_building, refund_building ) values ( 'Bond Street'             , 'TITLE DEED',       'green',      true,  9, 3,  34, 'DarkGreen',   '',                        320, 160, 176, 16, 28, 150, 450, 1000, 1200, 1400, 200, 100 );
insert into monopoly.inventory_deeds (title, subtitle, sets, colourSet, setOrder, setSize, boardPlace, htmlColour, icon, purchase, mortgage, unmortgage, mortgagedTxFee, rent_0, rent_1, rent_2, rent_3, rent_4, rent_5, cost_building, refund_building ) values ( 'Park Lane'               , 'TITLE DEED',       'purple',     true, 10, 2,  37, 'DarkBlue',    '',                        350, 175, 182, 17, 35, 175, 500, 1100, 1300, 1500, 200, 100 );
insert into monopoly.inventory_deeds (title, subtitle, sets, colourSet, setOrder, setSize, boardPlace, htmlColour, icon, purchase, mortgage, unmortgage, mortgagedTxFee, rent_0, rent_1, rent_2, rent_3, rent_4, rent_5, cost_building, refund_building ) values ( 'Mayfair'                 , 'TITLE DEED',       'purple',     true, 10, 2,  39, 'DarkBlue',    '',                        400, 200, 220, 20, 50, 200, 600, 1400, 1700, 2000, 200, 100 );
go




-- board
delete from monopoly.board;
go

insert into monopoly.board ( place, title, rule, sets, icon, subtitle) values ( 0,  'Go',                       'go',             ''         , 'bi bi-arrow-left' , 'Collect £200 salary as you pass'   );
insert into monopoly.board ( place, title, rule, sets, icon, subtitle) values ( 1,  'Old Kent Road',            'deed',           'brown'    , ''                       , ''                                  );
insert into monopoly.board ( place, title, rule, sets, icon, subtitle) values ( 2,  'Community Chest',          'communityChest', ''         , 'bi bi-archive-fill'             , ''                                  );
insert into monopoly.board ( place, title, rule, sets, icon, subtitle) values ( 3,  'Whitechapel Road',         'deed',           'brown'    , ''                       , ''                                  );
insert into monopoly.board ( place, title, rule, sets, icon, subtitle) values ( 4,  'Income Tax',               'incomeTax',      ''         , ''                       , 'PAY £200'                          );
insert into monopoly.board ( place, title, rule, sets, icon, subtitle) values ( 5,  'Kings Cross Station',      'stations',       'stations' , 'bi bi-train-front-fill'               , ''                                  );
insert into monopoly.board ( place, title, rule, sets, icon, subtitle) values ( 6,  'The Angel, Islington',     'deed',           'blue'     , ''                       , ''                                  );
insert into monopoly.board ( place, title, rule, sets, icon, subtitle) values ( 7,  'Chance',                   'chance',         ''         , 'bi bi-question-diamond-fill'            , ''                                  );
insert into monopoly.board ( place, title, rule, sets, icon, subtitle) values ( 8,  'Euston Road',              'deed',           'blue'     , ''                       , ''                                  );
insert into monopoly.board ( place, title, rule, sets, icon, subtitle) values ( 9,  'Pentonville Road',         'deed',           'blue'     , ''                       , ''                                  );
insert into monopoly.board ( place, title, rule, sets, icon, subtitle) values ( 10, 'Just Visiting',            '',               ''         , ''                       , ''                                  );
insert into monopoly.board ( place, title, rule, sets, icon, subtitle) values ( 11, 'Pall Mall',                'deed',           'pink'     , ''                       , ''                                  );
insert into monopoly.board ( place, title, rule, sets, icon, subtitle) values ( 12, 'Electricty Company',       'utilities',      'utilities', 'bi bi-lightbulb-fill'   , ''                                  );
insert into monopoly.board ( place, title, rule, sets, icon, subtitle) values ( 13, 'Whitehall',                'deed',           'pink'     , ''                       , ''                                  );
insert into monopoly.board ( place, title, rule, sets, icon, subtitle) values ( 14, 'Northumberland Avenue',    'deed',           'pink'     , ''                       , ''                                  );
insert into monopoly.board ( place, title, rule, sets, icon, subtitle) values ( 15, 'Marylebone Station',       'stations',       'stations' , 'bi bi-train-front-fill'               , ''                                  );
insert into monopoly.board ( place, title, rule, sets, icon, subtitle) values ( 16, 'Bow Street',               'deed',           'orange'   , ''                       , ''                                  );
insert into monopoly.board ( place, title, rule, sets, icon, subtitle) values ( 17, 'Community Chest',          'communityChest', ''         , 'bi bi-archive-fill'             , ''                                  );
insert into monopoly.board ( place, title, rule, sets, icon, subtitle) values ( 18, 'Marlborough Street',       'deed',           'orange'   , ''                       , ''                                  );
insert into monopoly.board ( place, title, rule, sets, icon, subtitle) values ( 19, 'Vine Street',              'deed',           'orange'   , ''                       , ''                                  );
insert into monopoly.board ( place, title, rule, sets, icon, subtitle) values ( 20, 'Free Parking',             '',               ''         , 'bi bi-p-square-fill'             , ''                                  );
insert into monopoly.board ( place, title, rule, sets, icon, subtitle) values ( 21, 'The Strand',               'deed',           'red'      , ''                       , ''                                  );
insert into monopoly.board ( place, title, rule, sets, icon, subtitle) values ( 22, 'Chance',                   'chance',         ''         , 'bi bi-question-diamond-fill'            , ''                                  );
insert into monopoly.board ( place, title, rule, sets, icon, subtitle) values ( 23, 'Fleet Street',             'deed',           'red'      , ''                       , ''                                  );
insert into monopoly.board ( place, title, rule, sets, icon, subtitle) values ( 24, 'Trafalgar Square',         'deed',           'red'      , ''                       , ''                                  );
insert into monopoly.board ( place, title, rule, sets, icon, subtitle) values ( 25, 'Fenchurch Street Station', 'stations',       'stations' , 'bi bi-train-front-fill'               , ''                                  );
insert into monopoly.board ( place, title, rule, sets, icon, subtitle) values ( 26, 'Leicester Square',         'deed',           'yellow'   , ''                       , ''                                  );
insert into monopoly.board ( place, title, rule, sets, icon, subtitle) values ( 27, 'Coventry Street',          'deed',           'yellow'   , ''                       , ''                                  );
insert into monopoly.board ( place, title, rule, sets, icon, subtitle) values ( 28, 'Water Works',              'utilities',      'utilities', 'bi bi-droplet-fill'              , ''                                  );
insert into monopoly.board ( place, title, rule, sets, icon, subtitle) values ( 29, 'Piccadilly',               'deed',           'yellow'   , ''                       , ''                                  );
insert into monopoly.board ( place, title, rule, sets, icon, subtitle) values ( 30, 'Go To Jail',               'goToJail',       ''         , ''                       , ''                                  );
insert into monopoly.board ( place, title, rule, sets, icon, subtitle) values ( 31, 'Regent Street',            'deed',           'green'    , ''                       , ''                                  );
insert into monopoly.board ( place, title, rule, sets, icon, subtitle) values ( 32, 'Oxford Street',            'deed',           'green'    , ''                       , ''                                  );
insert into monopoly.board ( place, title, rule, sets, icon, subtitle) values ( 33, 'Community Chest',          'communityChest', ''         , 'bi bi-archive-fill'             , ''                                  );
insert into monopoly.board ( place, title, rule, sets, icon, subtitle) values ( 34, 'Bond Street',              'deed',           'green'    , ''                       , ''                                  );
insert into monopoly.board ( place, title, rule, sets, icon, subtitle) values ( 35, 'Liverpool Street Station', 'stations',       'stations' , 'bi bi-train-front-fill'               , ''                                  );
insert into monopoly.board ( place, title, rule, sets, icon, subtitle) values ( 36, 'Chance',                   'chance',         ''         , 'bi bi-question-diamond-fill'            , ''                                  );
insert into monopoly.board ( place, title, rule, sets, icon, subtitle) values ( 37, 'Park Lane',                'deed',           'purple'   , ''                       , ''                                  );
insert into monopoly.board ( place, title, rule, sets, icon, subtitle) values ( 38, 'Super Tax',                'superTax',       ''         , ''                       , 'PAY £100'                          );
insert into monopoly.board ( place, title, rule, sets, icon, subtitle) values ( 39, 'Mayfair',                  'deed',           'purple'   , ''                       , ''                                  );
insert into monopoly.board ( place, title, rule, sets, icon, subtitle) values ( 40, 'Jail',                     '',               ''         , ''                       , ''                                  );
go

-- fin